,customer_id,prediction,probability
3311,4716-MRVEN,0,0.03661833187424245
6330,8966-KZXXA,0,0.02358670284629393
6156,8720-RQSBJ,1,0.5677884687807279
5313,7504-UWHNB,0,0.4729658647859321
1176,1730-VFMWO,0,0.1378720413727135
3761,5297-MDOIR,0,0.10369817199291032
882,1273-MTETI,1,0.7393897237285221
3420,4847-QNOKA,1,0.5042762972791883
1421,2091-MJTFX,0,0.15314201617591558
73,0118-JPNOY,0,0.41132268624493484
2356,3374-LXDEV,0,0.4589487635837793
1151,1697-BCSHV,0,0.126839748051719
2140,3070-FNFZQ,0,0.015996829435898963
5372,7586-ZATGZ,1,0.5518406878679684
5530,7786-WBJYI,1,0.5965541295650693
6586,9362-MWODR,0,0.11322218173383382
1646,2391-IPLOP,0,0.12357549661282315
4729,6656-JWRQX,0,0.3768214891113159
1110,1623-NLDOT,0,0.11710460589565418
6296,8908-NMQTX,0,0.019639376451123805
1914,2789-HQBOU,1,0.718922134545409
4462,6289-CPNLD,0,0.10614691071972318
4304,6064-ZATLR,0,0.04140141514651313
3740,5269-NRGDP,0,0.09570721652035266
983,1428-GTBJJ,1,0.6212436777787435
6006,8474-UMLNT,0,0.16122073302987608
6902,9799-CAYJJ,1,0.7442293690804327
5191,7302-ZHMHP,0,0.278957583338056
3413,4835-YSJMR,0,0.07847475714791638
6700,9514-JDSKI,0,0.4528596589012239
2701,3842-IYKUE,0,0.3164165234974689
6929,9830-ECLEN,0,0.1185859014758435
1859,2696-ECXKC,0,0.2352650318278067
5024,7061-OVMIM,0,0.03784433944013519
4439,6258-NGCNG,0,0.17167674535812583
1855,2692-AQCPF,0,0.16143640806486656
5656,7973-DZRKH,0,0.12064507666606694
5922,8337-MSSXB,1,0.6294420580650768
4892,6893-ODYYE,0,0.13372232733858716
3510,4976-LNFVV,0,0.22587779579409883
6977,9903-LYSAB,1,0.5798322863899632
3889,5469-NUJUR,0,0.0197472412593008
2653,3768-VHXQO,0,0.026849371099925533
4190,5918-VUKWP,0,0.03626724949052162
5244,7394-LWLYN,1,0.7294109765055714
4415,6227-FBDXH,0,0.24493656394586089
1766,2581-VKIRT,0,0.07351605126180347
4281,6030-REHUX,0,0.44616791591889765
788,1150-FTQGN,0,0.14017596332810672
671,0980-FEXWF,0,0.09001015390617123
5708,8042-JVNFH,1,0.6538185604744265
4496,6341-JVQGF,0,0.09585243989676276
5533,7789-HKSBS,0,0.24738910361402777
1940,2815-CPTUL,1,0.5962672185827724
4927,6933-FHBZC,0,0.11224275190333197
5461,7684-XSZIY,0,0.008733255662832097
3568,5056-FIMPT,0,0.2499013618604688
840,1222-KJNZD,0,0.0544233041245962
5266,7422-WNBTY,0,0.48642333991177467
4715,6646-JPPHA,0,0.4466884070789984
5611,7901-TBKJX,0,0.463891111219103
95,0164-APGRB,0,0.09729390214075254
4876,6870-ECSHE,0,0.12792422019386962
2578,3683-QKIUE,0,0.3262496991048399
1722,2511-ALLCS,0,0.014102782456656374
3543,5022-JNQEQ,1,0.5581608868456375
5894,8292-ITGYJ,0,0.01972374925742368
6522,9253-VIFJQ,0,0.08876528491758079
451,0661-XEYAN,1,0.5745990752579879
6898,9796-BPKIW,1,0.5545537418126207
4547,6408-WHTEF,0,0.013268740339124938
6771,9617-INGJY,1,0.6567132973165318
4249,5989-PGKJB,1,0.6087116122076677
6807,9661-JALZV,0,0.034398767579852094
169,0270-THENM,0,0.018698015337888032
6332,8966-SNIZF,0,0.015799432543419385
4519,6368-TZZDT,0,0.06337740330451636
3063,4385-GZQXV,1,0.534419352144124
3880,5453-AXEPF,1,0.5066831664993203
6869,9761-XUJWD,0,0.3254631144523361
4720,6650-BWFRT,0,0.04131715599144762
6283,8885-QSQBX,0,0.4074064454142296
4326,6103-BOCOU,1,0.5429648465028452
2421,3466-RITXD,0,0.3416815613340187
2506,3583-KRKMD,0,0.3993575688892359
4906,6906-MPARY,0,0.19632844515210512
5921,8336-TAVKX,0,0.056300677981266235
1877,2722-VOJQL,0,0.22952919866984994
4780,6727-IOTLZ,0,0.0919271790967546
4125,5834-ASPWA,1,0.7824477124407827
1104,1612-EOHDH,0,0.4972050675434807
3233,4631-OACRM,1,0.6588318543002738
6877,9770-KXGQU,0,0.1954083335736221
3518,4988-IQIGL,1,0.8079925223234001
2994,4290-BSXUX,1,0.6337627315072009
3581,5073-WXOYN,0,0.23262515152071056
4558,6425-JWTDV,0,0.014544595940527818
4181,5913-INRQV,0,0.18842885084003513
5345,7551-DACSP,0,0.26032221901421343
7040,9992-UJOEL,0,0.488846068069093
4266,6007-TCTST,0,0.03842587028381908
3669,5176-LMJXE,0,0.0211156017965835
1957,2834-JKOOW,0,0.09274287360797792
5515,7766-CLTIC,0,0.2715183925536172
6847,9728-FTTVZ,1,0.7464338343247199
4483,6328-ZPBGN,1,0.6370181691186819
283,0420-BWTPW,0,0.21609249270507408
5772,8118-TJAFG,1,0.5660048336469622
2802,3985-HOYPM,0,0.02570597203242996
146,0239-OXEXL,0,0.3073558912026058
3338,4753-PADAS,0,0.22436762557809747
2559,3658-KIBGF,0,0.44687414131363873
6656,9470-XCCEM,0,0.38992046715975226
4074,5753-QQWPW,0,0.07965728488916478
3049,4365-MSDYN,0,0.10535125694783395
4140,5850-BDWCY,0,0.15357597290709502
5560,7826-VVKWT,0,0.3579903093532528
2582,3692-JHONH,0,0.27948667478167566
3943,5550-VFRLC,1,0.7960776558661938
30,0048-LUMLS,0,0.24351190489740523
186,0302-JOIVN,1,0.5690060941292426
5759,8099-MZPUJ,0,0.145624188258495
1727,2519-ERQOJ,0,0.30175421994684176
6532,9274-UARKJ,1,0.5394371974520596
2886,4115-BNPJY,0,0.03267196572395952
1209,1779-PWPMG,0,0.04395974549057527
3158,4529-CKBCL,1,0.740518431018425
6681,9497-QCMMS,1,0.7872384943153433
6393,9057-SIHCH,1,0.7254505802195134
4360,6145-NNPNO,0,0.46878529664633545
3976,5600-PDUJF,0,0.33710358128990636
4450,6270-OMFIW,0,0.2680533123000188
2316,3316-UWXUY,0,0.2155563259500746
5203,7321-KKSDU,0,0.016362210987399737
6273,8878-HMWBV,1,0.5588642135780832
1850,2684-EIWEO,0,0.32873045138874685
3169,4547-FZJWE,0,0.10412885906867013
3335,4750-UKWJK,0,0.04935128186908125
1280,1902-XBTFB,1,0.5124431203311794
3786,5324-KTGCG,0,0.07630512019242525
6152,8714-EUHJO,0,0.46244529813755686
1020,1472-TNCWL,0,0.4516897552752371
2761,3932-CMDTD,0,0.4721982768321123
4062,5727-MYATE,0,0.016681097894935392
4267,6008-NAIXK,0,0.2200356472146688
6692,9506-UXUSK,1,0.6058719138910191
706,1042-HFUCW,0,0.10756836079303922
2967,4237-CLSMM,0,0.16854671721625866
3203,4588-YBNIB,0,0.2933861680250121
642,0940-OUQEC,1,0.5966938747450257
6423,9095-HFAFX,1,0.5848205620857145
967,1400-MMYXY,1,0.7018574984230876
2809,3999-QGRJH,1,0.6370919730996225
5103,7169-YWAMK,0,0.02994909037871241
5561,7831-QGOXH,1,0.580462001958699
6635,9432-RUVSL,0,0.1292147953740668
812,1184-PJVDB,1,0.6675381134116563
5334,7534-BFESC,1,0.574600057300037
4570,6439-PKTRR,0,0.052228979321461075
5901,8309-PPCED,0,0.10508359985216333
4898,6898-RBTLU,0,0.033407958031326956
6823,9692-TUSXH,1,0.5248027952026965
4257,5996-EBTKM,0,0.05232900744417137
2628,3737-XBQDD,0,0.4326920896519709
7008,9943-VSZUV,0,0.3984879180695144
4838,6818-DJXAA,1,0.5366380541415462
5336,7537-RBWEA,0,0.4907340267330117
6529,9269-CQOOL,0,0.4150684898028947
6174,8740-CRYFY,1,0.7807518548636704
6388,9053-EJUNL,0,0.485329366082679
7031,9974-JFBHQ,0,0.24903610709977608
2710,3858-XHYJO,0,0.22221021969383525
3656,5168-MQQCA,0,0.20460178706554139
5729,8065-BVEPF,0,0.34498719602108935
129,0221-WMXNQ,1,0.5261646188002161
1747,2545-LXYVJ,0,0.012421529296982071
682,1009-IRMNA,0,0.13509188224322494
96,0164-XAIRP,0,0.03274555112709635
293,0431-APWVY,0,0.29579891531025304
5214,7337-CINUD,0,0.03425375415811747
1568,2277-DJJDL,0,0.3479385597821173
4916,6918-UMQCG,1,0.6510398238831098
6353,8992-VONJD,0,0.18193531506389185
4532,6384-VMJHP,0,0.022984798526187955
957,1389-WNUIB,0,0.11607278763588903
819,1196-AMORA,1,0.5539717941410328
6514,9242-TKFSV,0,0.018209898638304564
1583,2307-FYNNL,0,0.1680763275715825
1282,1905-OEILC,0,0.2856633514130478
3400,4826-DXMUP,0,0.1414282107076618
5649,7964-ZRKKG,0,0.21673105740178625
6705,9522-ZSINC,0,0.06073465249199538
5905,8313-NDOIA,1,0.5251667128829535
5715,8050-DVOJX,0,0.09655184763032792
4984,7010-BRBUU,0,0.011545283405874969
1319,1963-SVUCV,1,0.5000697391764763
6306,8920-NAVAY,0,0.2246570099848593
267,0396-YCHWO,1,0.5211320059014263
1333,1984-FCOWB,0,0.2716378306295102
4472,6305-YLBMM,0,0.22423107694514513
6925,9824-QCJPK,0,0.020355398213624323
908,1322-AGOQM,0,0.19473685938264654
2262,3230-WYKIR,0,0.14314005384972742
6960,9873-MNDKV,0,0.27782961518191435
6952,9862-KJTYK,0,0.18578203729263776
279,0411-EZJZE,0,0.3957217214539153
2068,2977-CEBSX,0,0.04154338684506942
5070,7129-CAKJW,0,0.48490759976106373
248,0376-YMCJC,0,0.4799302922618574
5798,8165-CBKXO,0,0.07282649958521006
306,0454-OKRCT,0,0.19947011863793374
940,1360-JYXKQ,0,0.26676319022365547
2127,3057-VJJQE,0,0.03770237581662627
4638,6543-XRMYR,0,0.47969414520432296
6990,9921-EZKBY,0,0.34040562962131793
1932,2808-CHTDM,0,0.009941633095818976
506,0742-LAFQK,0,0.13067641433466742
5042,7089-RKVSZ,0,0.050427321552882036
5256,7404-JLKQG,0,0.44466987207147285
2461,3522-CDKHF,0,0.3773532957493179
6048,8566-YPRGL,0,0.28817602309747586
2337,3346-BRMIS,0,0.3582372898943352
1572,2284-VFLKH,0,0.19881853045237322
6204,8777-MBMTS,0,0.10347296527122786
2995,4291-HPAXL,0,0.25934412533312234
2111,3030-YDNRM,1,0.6564823763469879
362,0531-ZZJWQ,0,0.48762399896363084
3240,4636-OLWOE,0,0.08230554061614986
4224,5960-MVTUK,1,0.512032235414204
1091,1589-AGTLK,1,0.5470161094915246
1258,1862-QRWPE,0,0.016119637748750883
2540,3638-VBZTA,0,0.035500029173678366
5174,7277-KAMWT,0,0.026564706118801813
6935,9838-BFCQT,0,0.009598756846982383
3526,5002-GCQFH,0,0.2903585356508661
1842,2675-OTVVJ,0,0.43695460268229264
2907,4139-DETXS,0,0.01835619439618977
6472,9167-APMXZ,0,0.4635971245055541
3985,5619-PTMIK,0,0.17935888478975304
3064,4385-ZKVNW,0,0.13328547909243588
4335,6119-SPUDB,0,0.02291624359364727
479,0699-NDKJM,0,0.14840036989854938
588,0867-LDTTC,0,0.2857870128784419
5037,7080-TNUWP,0,0.19207261969704084
6308,8922-NPKBJ,0,0.012198274569483948
2770,3945-GFWQL,0,0.2493804404144308
2866,4083-EUGRJ,0,0.09720151059684133
6022,8513-OLYGY,0,0.07275619563150929
3635,5146-YYFRZ,0,0.0163508904854307
2015,2907-ILJBN,0,0.03877630680178949
1097,1597-FZREH,0,0.40477124141076054
5546,7812-FZHPE,0,0.0722647600986054
4917,6919-ELBGL,0,0.06477864220402105
5196,7312-XSBAT,0,0.4336407430760273
1272,1891-QRQSA,0,0.11823008310208477
3647,5155-AZQPB,0,0.1270830740327246
6378,9039-RBEEE,0,0.1712354605575551
5970,8413-VONUO,1,0.6182887962918042
4542,6402-SSEJG,0,0.11404568671639517
4480,6322-PJJDJ,0,0.24293705889683018
5650,7966-YOTQW,0,0.2633843085004919
740,1088-CNNKB,0,0.11397059147438066
2695,3831-YCPUO,0,0.047565437350938995
1835,2672-TGEFF,0,0.46534962522937945
228,0354-WYROK,0,0.4202568854248328
1143,1684-FLBGS,0,0.1279942943533379
5437,7654-YWJUF,0,0.19767029391014312
1225,1814-DKOLC,0,0.21756180976781725
1907,2777-PHDEI,1,0.747144036489591
11,0017-IUDMW,0,0.041356239769320874
2459,3521-MNKLV,0,0.20585543818970975
6687,9501-UKKNL,0,0.20084630723183408
1194,1760-CAZHT,0,0.052860880209508944
6693,9507-EXLTT,1,0.6857072130322731
503,0733-VUNUW,0,0.14238218343624476
2133,3063-QFSZL,1,0.5456948273570447
3488,4940-KHCWD,0,0.02420360507881473
2430,3481-JHUZH,1,0.5379679742597145
5876,8262-COGGB,0,0.29218895870603767
4595,6479-VDGRK,0,0.01822921492805836
120,0208-BPQEJ,0,0.08952037018156078
2385,3413-CSSTH,0,0.18570046239501173
559,0823-HSCDJ,0,0.3208202011210499
2646,3758-CKOQL,0,0.17197625427842034
1374,2038-OEQZH,1,0.6494849307041802
3626,5136-RGMZO,0,0.19499872370193572
6535,9279-CJEOJ,1,0.5040951924127274
159,0259-GBZSH,1,0.7547291136089123
354,0519-XUZJU,1,0.6142491448130423
3006,4302-ZYFEL,0,0.015073114108510784
3598,5103-MHMHY,0,0.46700212157861776
5149,7244-QWYHG,0,0.10254190530355198
1401,2073-QBVBI,0,0.09707463290230477
1884,2732-ISEZX,0,0.17374022578727075
3137,4501-VCPFK,0,0.16802529723890572
5344,7550-WIQVA,0,0.2589694616532596
4501,6347-DCUIK,1,0.5610938175960296
3553,5035-BVCXS,1,0.5474398842081752
927,1346-PJWTK,0,0.21295176791880815
2655,3771-PZOBW,0,0.4052407915216978
4952,6972-SNKKW,0,0.14788837146111145
2417,3458-IDMFK,0,0.021396576415668105
2986,4280-DLSHD,0,0.24831041768860335
4269,6013-BHCAW,0,0.05034733533290112
1782,2606-PKWJB,0,0.05243849345611758
2138,3070-BDOQC,0,0.2346865701546546
2989,4282-YMKNA,1,0.6503166339154043
2560,3658-QQJYD,0,0.11832071815319833
1637,2379-ENZGV,1,0.661002069866861
4126,5835-BEQEU,1,0.7415628714778143
1111,1624-NALOJ,1,0.7125358924369968
6329,8963-MQVYN,0,0.11903083708607015
3043,4359-INNWN,0,0.04130870930536416
6229,8808-ELEHO,1,0.6775703855401329
942,1360-XFJMR,0,0.16118829261581172
504,0734-OXWBT,0,0.3571055360966535
6143,8706-HRADD,0,0.18149423153029473
5123,7207-RMRDB,0,0.354019314599286
4718,6647-ZEDXT,0,0.25018656938742834
5946,8384-FZBJK,0,0.3662114912476842
3143,4510-PYUSH,0,0.18746080864440615
3686,5197-LQXXH,0,0.03776132848958766
1775,2592-YKDIF,0,0.26822392230533354
5288,7469-LKBCI,0,0.02145879463064797
3995,5630-IXDXV,0,0.4364086435788114
4781,6728-CZFEI,0,0.1609257436851602
2483,3551-HUAZH,1,0.8080331609300764
2556,3655-SNQYZ,0,0.05490082282597054
2173,3106-ULWFW,1,0.5907986274815975
808,1177-XZBJL,0,0.07350371401683688
5185,7295-JOMMD,1,0.5915382984289406
4135,5846-NEQVZ,0,0.02836924665627831
637,0931-MHTEM,0,0.21220191828927848
415,0617-AQNWT,0,0.06485291535103997
5534,7794-JASDG,0,0.44360094345999007
6213,8782-LKFPK,0,0.39173061572444334
5636,7945-HLKEA,0,0.11086192104692642
6441,9117-SHLZX,1,0.5133970119425999
5083,7139-JZFVG,0,0.03089438949654343
6112,8652-YHIYU,0,0.25569126332820175
6987,9919-FZDED,0,0.07249996114688761
6651,9462-MJUAW,0,0.3671492889722326
2835,4030-VPZBD,1,0.5157980267636088
2726,3878-AVSOQ,1,0.7983633701519081
4662,6581-NQCBA,0,0.31667182951316963
6941,9845-PEEKO,0,0.1559928653237599
6066,8597-CTXVJ,0,0.09693254586990648
3124,4482-EWFMI,1,0.7391890299748591
3972,5597-GLBUC,1,0.7554634529340183
1293,1925-TIBLE,1,0.6892674325810758
3222,4622-YNKIJ,0,0.21967381247292958
6773,9618-LFJRU,0,0.15806819314683668
1684,2454-RPBRZ,1,0.6693322986190853
4164,5887-IKKYO,0,0.14306043883426403
6358,8999-EXMNO,0,0.011533555098657127
2555,3654-ARMGP,0,0.0398244826880301
5291,7471-MQPOS,0,0.14247971466692913
6067,8597-CWYHH,0,0.3570477451760267
2063,2969-VAPYH,0,0.07258455574591328
4451,6275-YDUVO,1,0.62826866395052
6820,9688-YGXVR,0,0.35789178031557695
1701,2479-BRAMR,0,0.3662798284586699
629,0925-VYDLG,1,0.6582295609508789
4832,6807-SIWJI,0,0.3052449640151934
3397,4824-GUCBY,0,0.4143197307968734
458,0673-IGUQO,0,0.26851211014385135
5751,8091-TTVAX,0,0.21588619264142547
2478,3546-GHEAE,0,0.029198799454275667
3349,4776-XSKYQ,0,0.1367211370584294
2092,3001-UNBTL,1,0.5342316674009822
1935,2810-FTLEM,0,0.21771673258818303
5900,8309-IEYJD,1,0.7022626897261136
2751,3913-RDSJZ,0,0.00861337059319064
5389,7601-GNDYK,0,0.012735187321161802
4951,6969-MVBAI,1,0.6809669186294108
1547,2257-BOVXD,0,0.23137156170963113
5497,7740-BTPUX,0,0.1993316762870315
6400,9065-ZCPQX,0,0.016124800568024334
5376,7593-JNWRU,0,0.2595953551748373
2310,3308-MHOOC,0,0.22166104624831243
1496,2205-LPVGL,0,0.13210407197583798
4132,5844-QVTAT,0,0.0780669708526392
5253,7401-RUBNK,0,0.4361727667477295
1564,2275-RBYQS,1,0.5108991774435943
4446,6265-FRMTQ,0,0.01654477012295793
121,0212-ISBBF,0,0.2585276682840433
3015,4315-MURBD,0,0.4720258177067395
3590,5089-IFSDP,0,0.1124705986374327
2389,3419-SNJJD,0,0.26692077855470675
6394,9058-CBREO,0,0.47715941693371783
3461,4906-ZHGPK,0,0.11189161409337821
5098,7162-WPHPM,0,0.03203265355295899
1864,2703-AMTUL,0,0.060056629414830975
6460,9140-CZQZZ,0,0.026048146499741666
5016,7049-GKVZY,0,0.15468478944834613
5640,7951-VRDVK,0,0.1398708252788529
6638,9436-ZBZCT,1,0.5597993634878327
2669,3794-NFNCH,0,0.17437517475516773
4259,5997-OPVFA,0,0.015755335090585108
2159,3092-IGHWF,0,0.2405503062104178
4218,5954-BDFSG,0,0.15771281238513674
4410,6217-KDYWC,0,0.028678697775102995
2629,3739-YBWAB,0,0.07302552263753083
5350,7558-IMLMT,0,0.012289060571696334
2360,3378-AJRAO,0,0.10035645946703947
2977,4255-DDUOU,0,0.2592365869671531
5440,7660-HDPJV,1,0.7464338343247199
2003,2889-FPWRM,0,0.25984181866344247
4540,6400-BWQKW,1,0.5296995278906338
5317,7508-SMHXL,1,0.5287370314016703
2500,3572-UUHRS,0,0.04417440531230232
2779,3956-CJUST,0,0.4866033078594921
2117,3043-SUDUA,0,0.09372350381234677
2863,4080-OGPJL,0,0.25552381587818274
3845,5397-TUPSH,0,0.25972894288004794
1162,1707-HABPF,0,0.2121397121129892
6711,9530-GRMJG,0,0.06435794383012554
2938,4191-XOVOM,0,0.352609990671847
2806,3992-YWPKO,1,0.5344820418745031
285,0420-TXVSG,0,0.03303669551229083
4950,6968-URWQU,0,0.12443115128483204
4939,6959-GQEGV,0,0.19568898274840238
5113,7188-CBBBA,0,0.2618117799805763
2450,3509-GWQGF,0,0.4479939259786635
5385,7598-UAASY,1,0.6533638812563807
6631,9424-CMPOG,0,0.023693801660192557
3970,5590-ZSKRV,0,0.14341940309464957
3066,4390-KYULV,0,0.17295191001917418
6508,9231-ZJYAM,1,0.7297936059495445
5062,7115-IRDHS,0,0.01148292038134676
5347,7552-KEYGT,0,0.019401264249836413
2513,3590-TCXTB,0,0.2669736486053898
3305,4710-NKCAW,0,0.2730818516550958
5696,8024-XNAFQ,0,0.06706965126261225
2345,3354-OADJP,0,0.1077287920744796
6867,9755-JHNMN,0,0.0338805270042328
2142,3071-VBYPO,0,0.4727484846199168
718,1060-ENTOF,0,0.16471691439512287
5101,7167-PCEYD,0,0.019394959298368774
4089,5778-BVOFB,0,0.2740884748726153
3082,4418-LZMSV,0,0.15001606504182688
3836,5387-ASZNZ,0,0.11046684333749371
2679,3803-KMQFW,0,0.22289906785199817
1130,1658-TJVOA,1,0.5451822715731991
6723,9548-LERKT,0,0.012646309556301678
1941,2817-LVCPP,0,0.013093220318221872
2979,4257-GAESD,0,0.3620932548358363
477,0696-UKTOX,0,0.16744248038390727
6609,9391-TTOYH,0,0.09650500423992012
764,1112-CUNAO,1,0.5692491556535653
6433,9108-EJFJP,0,0.3731641652562846
3524,4998-IKFSE,0,0.4856013201159011
4504,6350-XFYGW,1,0.6901814552568544
5822,8197-BFWVU,0,0.033563793506512986
5001,7028-DVOIQ,1,0.5229697809013241
3925,5522-NYKPB,0,0.40850693267708754
4593,6479-OAUSD,0,0.028224013326134917
670,0979-PHULV,0,0.2950072118650579
6164,8734-DKSTZ,1,0.5979735730666865
576,0847-HGRML,0,0.027237941780733008
2602,3716-LRGXK,0,0.12911657079783126
1276,1897-OKVMW,0,0.02089261527851069
2061,2968-SSGAA,1,0.6654908610961072
2813,4002-BQWPQ,0,0.13511084371355428
2318,3317-VLGQT,1,0.6315970653054795
1255,1853-UDXBW,1,0.7543910904953494
410,0608-JDVEC,0,0.01800326683178284
3814,5364-XYIRR,0,0.4707805539067611
2687,3810-PJUHR,0,0.007355497043060814
5819,8190-ZTQFB,0,0.17718317677204865
5506,7753-USQYQ,0,0.12099407302680167
1876,2722-JMONI,1,0.5249201127686146
4942,6961-MJKBO,0,0.016250652475899106
5539,7799-LGRDP,0,0.03596820899265463
4279,6029-CSMJE,0,0.22016965668715763
6225,8805-JNRAZ,0,0.45135173896990566
874,1265-ZFOSD,0,0.019408609293632615
369,0541-FITGH,0,0.3592421988217229
5964,8404-VIOMB,0,0.02125636024985969
3028,4329-YPDDQ,0,0.344787154112902
428,0623-IIHUG,0,0.3247757627606316
2714,3865-QBWSJ,0,0.42682550335462216
4497,6344-SFJVH,0,0.20921998821626492
5348,7554-AKDQF,0,0.28685762889904337
4905,6906-ANDWJ,1,0.5289885387098611
2605,3717-LNXKW,0,0.33196423663221286
5879,8263-QMNTJ,0,0.06320233295883378
4577,6458-CYIDZ,0,0.4910694052135438
3570,5057-RKGLH,0,0.020726275606763905
3602,5115-SQAAU,0,0.015164958838626143
3987,5622-UEJFI,0,0.022924057336742205
3790,5329-KRDTM,0,0.0776252299949652
4578,6461-PPAXN,0,0.06121795196056172
3106,4452-QIIEB,0,0.28659751708891684
4839,6818-WOBHJ,0,0.3215728613958497
5524,7779-ORAEL,0,0.061636719242927455
4375,6169-PPETC,0,0.01140426448261232
1968,2848-YXSMW,0,0.009939720056429709
4301,6061-GWWAV,0,0.09710676348136121
124,0218-QNVAS,0,0.26516965425045735
6073,8608-OZTLB,0,0.11594901501027616
6162,8728-SKJLR,0,0.4544982247278533
6290,8901-UPRHR,0,0.12879440055638314
6,0013-SMEOE,0,0.0602758494085327
4625,6519-CFDBX,1,0.5467558876631942
3131,4488-PSYCG,0,0.08051758700586033
4859,6849-OYAMU,0,0.27927598935201337
2762,3932-IJWDZ,0,0.3704624420677809
3623,5135-RDDQL,0,0.0417579405996786
801,1169-WCVAK,0,0.25928795287022477
507,0742-MOABM,0,0.3269206857980428
3290,4698-KVLLG,0,0.023327912272178165
1133,1661-CZBAU,0,0.11100840771446238
6104,8644-XYTSV,0,0.17498849201773514
2599,3714-NTNFO,1,0.5299603590739678
651,0953-LGOVU,0,0.19265182511693804
315,0464-WJTKO,0,0.010886527160006508
6064,8593-WHYHV,1,0.7410161494429545
5666,7989-CHGTL,0,0.2865819602136604
5677,7998-ZLXWN,0,0.07291915787550945
3501,4957-TREIR,0,0.3251544646171724
5307,7501-VTYLJ,0,0.4231805734157666
304,0447-BEMNG,0,0.14140456168112556
436,0637-YLETY,0,0.47986605356915896
1699,2476-YGEFM,0,0.4381814068577745
4214,5949-HGVJL,0,0.1638005734575624
4206,5939-XAIXZ,0,0.19461493345699019
6944,9847-HNVGP,0,0.029633385727510664
3193,4576-CSAJH,0,0.10761920495393218
3332,4747-LCAQL,0,0.12211772382891263
5380,7595-EHCDL,0,0.16347826309262728
2815,4003-OCTMP,0,0.11086873097801173
5406,7617-EYGLW,0,0.3351678961865652
4573,6447-EGDIV,0,0.04226896819570162
1920,2796-NNUFI,0,0.014170843678460719
4513,6362-QHAFM,0,0.4141596180946975
4850,6838-HVLXG,0,0.10459156106094653
5833,8205-VSLRB,0,0.021199854669511548
1565,2276-YDAVZ,1,0.6623314553015832
1240,1839-FBNFR,0,0.016153992303086992
6603,9386-LDCZR,0,0.14927710145868084
2453,3512-IZIKN,0,0.01637262042498327
6814,9675-ICXCT,0,0.0842227090413752
2094,3003-CMDUU,0,0.45059423977527396
4586,6469-QJKZW,0,0.17813768231826604
2363,3387-VATUS,1,0.6646293209267007
3992,5628-FCGYG,1,0.5737221861535984
3729,5244-IRFIH,1,0.5325984070620219
6420,9092-GDZKO,0,0.10574500295223029
4548,6410-LEFEN,0,0.3296214718470044
6071,8606-CIQUL,0,0.06604034299546513
3329,4742-DRORA,0,0.15930219983884056
5114,7190-XHTWJ,0,0.03764582482374383
6855,9739-JLPQJ,0,0.09941656143230501
4800,6745-JEFZB,0,0.34653028603234515
4205,5939-SXWHM,0,0.0209848927040553
404,0602-DDUML,0,0.03969905137490306
2186,3132-TVFDZ,0,0.2841262132304013
6853,9734-YWGEX,1,0.5550404922806782
4217,5951-AOFIH,0,0.16886167259206594
23,0030-FNXPP,0,0.2189528676229056
6507,9229-RQABD,0,0.04701834831822332
264,0394-YONDK,0,0.01342825433440202
4620,6513-EECDB,1,0.7893982833651405
2302,3295-YVUSR,1,0.6992860865441702
5992,8450-UYIBU,0,0.3619756794765206
6476,9170-CCKOU,0,0.30230503294498334
5874,8260-NGFNY,0,0.40852936892542957
5978,8430-TWCBX,0,0.027142480841006275
3457,4902-OHLSK,0,0.3960220201124934
3949,5562-YJQGT,0,0.15829172940066627
2202,3156-QLHBO,0,0.15785861056634573
3910,5501-TVMGM,1,0.5482347556542772
6811,9668-PUGNU,0,0.04541444543808625
3280,4686-GEFRM,0,0.12696179545597702
5463,7690-KPNCU,0,0.09457043485465055
4382,6176-YJWAS,0,0.06854112266180895
4745,6685-XSHHU,0,0.013354890865685158
6801,9650-VBUOG,0,0.02314444240403349
6606,9391-DXGGG,0,0.25592474704526724
4234,5975-BAICR,0,0.09252382795123638
5720,8058-DMYRU,0,0.4304989306999396
4270,6015-VVHHE,1,0.659411009347701
3417,4840-ORQXB,0,0.4014537404085496
1543,2252-NKNSI,0,0.0274071899030934
3633,5144-TVGLP,0,0.48847476873559775
4589,6475-VHUIZ,0,0.18356276119700193
878,1270-XKUCC,0,0.01479563058947041
5686,8012-SOUDQ,0,0.4733918507115824
4868,6859-RKMZJ,0,0.2559833487615555
6962,9878-TNQGW,1,0.7375334647459166
2312,3312-ZWLGF,0,0.4982965909163506
4424,6235-VDHOM,0,0.46106692358309964
516,0750-EBAIU,0,0.22685675882320072
5444,7663-YJHSN,0,0.06114798640219567
6465,9150-HEPMB,0,0.07724929165058644
2837,4039-HEUNW,0,0.48912176223163345
2211,3165-HDOEW,0,0.4514366345663106
1017,1469-LBJQJ,0,0.37929053461923934
6026,8519-QJGJD,1,0.5524688236764572
4200,5931-FLJJF,1,0.586543946640549
4065,5730-RIITO,0,0.20245644300754498
3891,5473-KHBPS,0,0.1730061964570846
1275,1895-QTKDO,0,0.45359405931509156
2362,3387-PLKUI,0,0.1552857066133458
4021,5669-SRAIP,0,0.46211284785372314
5794,8158-WPEZG,0,0.2997844183227973
618,0906-QVPMS,0,0.05078063223653353
4743,6683-VLCTZ,1,0.5685208858410423
5746,8084-OIVBS,0,0.047376132442240475
6119,8665-UTDHZ,0,0.38115019062293615
3819,5371-VYLSX,0,0.39584007403242916
5802,8167-GJLRN,0,0.38435870065501654
4792,6734-GMPVK,1,0.6079481988873464
6506,9227-YBAXE,0,0.036206626324533794
4075,5756-JYOJT,0,0.15523451890689666
35,0057-QBUQH,0,0.04044058340575801
5403,7613-LLQFO,1,0.662800253799165
4323,6100-FJZDG,0,0.017552803161811858
2756,3923-CSIHK,1,0.5114468187958061
3201,4587-NUKOX,1,0.528346396921708
2685,3808-HFKDE,0,0.2402540647195911
4038,5696-CEIQJ,0,0.12147222266040886
521,0757-WCUUZ,0,0.055750557001535535
6036,8550-XSXUQ,0,0.14561909842176077
4938,6956-SMUCM,1,0.5379690077189982
3427,4854-SSLTN,0,0.2261984208141598
1512,2223-GDSHL,0,0.059337531250207215
5881,8266-VBFQL,1,0.6123888218256807
4828,6797-LNAQX,0,0.13252783500261062
3439,4877-TSOFF,0,0.10641674116692659
773,1125-SNVCK,0,0.22881020193170432
6710,9530-EHPOH,0,0.30475975346205014
3387,4817-VYYWS,0,0.4837157162133215
5487,7722-CVFXN,0,0.2800568753402558
1828,2667-WYLWJ,0,0.049694183699551565
2621,3727-RJMEO,1,0.6920356191528942
316,0468-YRPXN,0,0.3205732328508937
109,0193-ESZXP,0,0.17789373243089965
1402,2074-GKOWZ,1,0.6202085886412585
108,0191-ZHSKZ,0,0.25200409489278874
2588,3703-KBKZP,1,0.5836490648225447
2276,3254-YRILK,1,0.5726906276790972
6924,9824-BEMCV,1,0.516592861750862
2616,3724-UCSHY,0,0.08368886485629638
1448,2138-VFAPZ,0,0.022047714022185767
3921,5519-TEEUH,0,0.018052615864287233
1435,2115-BFTIW,0,0.40252182476506176
1521,2232-DMLXU,0,0.4233624321980015
391,0578-SKVMF,0,0.45708747566691493
1186,1746-TGTWV,1,0.6100958088674203
2373,3398-ZOUAA,1,0.5368242432689871
1323,1965-DDBWU,0,0.4266256377669241
567,0835-JKADZ,0,0.15936170735747524
3013,4312-GVYNH,0,0.02961516233418536
5653,7969-AULMZ,1,0.5470268741274031
4024,5673-FSSMF,0,0.468666133518005
619,0907-HQNTS,0,0.04523918949330539
6880,9774-NRNAU,0,0.14898516652584898
2089,2996-XAUVF,0,0.07367033503614341
3392,4821-WQOYN,0,0.01091098519997469
2892,4119-ZYPZY,0,0.19048513616782128
5272,7434-SHXLS,0,0.2783059490045414
6794,9643-AVVWI,1,0.6397923160522915
2115,3038-PQIUY,0,0.12948456694928717
6099,8637-XJIVR,1,0.512593631906992
4510,6357-JJPQT,1,0.7253375326932335
148,0247-SLUJI,0,0.2600904877318105
849,1229-RCALF,0,0.20687805684014918
1036,1498-DQNRX,0,0.08089274657842851
2700,3841-NFECX,0,0.06876639626552165
3315,4719-UMSIY,0,0.0856978603212207
5150,7245-JMTTQ,0,0.27300909782862176
3262,4662-EKDPQ,0,0.38124901987541704
6747,9577-WJVCQ,0,0.12686303505064891
857,1241-FPMOF,0,0.018785329790632722
6786,9631-XEYKE,0,0.4098324964654912
3674,5181-OABFK,0,0.03473361900968624
5731,8065-YKXKD,1,0.6503166339154043
6611,9392-XBGTD,0,0.016557806466970873
2108,3026-ATZYV,0,0.1301626519739201
1192,1755-RMCXH,0,0.16022679756878083
2254,3221-CJMSG,0,0.17968526553324704
3573,5062-CJJKH,0,0.10312229087141978
5413,7623-TRNQN,0,0.46313700454680096
5550,7815-PDTHL,0,0.018322865706087828
2738,3896-RCYYE,0,0.19047928616620952
3421,4847-TAJYI,1,0.685581674588796
3583,5075-JSDKI,0,0.02108698845807035
3538,5018-GWURO,0,0.3832636193402677
4003,5649-ANRML,1,0.5505428827944714
1674,2439-QKJUL,0,0.14929577127971824
1263,1866-RZZQS,1,0.5229697809013241
997,1448-CYWKC,0,0.20307410108718824
4899,6899-PPEEA,1,0.5200842155907769
6451,9134-WYRVP,0,0.17488055426527344
5321,7517-LDMPS,1,0.6342239309743699
938,1357-BIJKI,0,0.27946586998350553
4077,5759-RCVCB,0,0.4206268543954379
2924,4176-RELJR,0,0.03785981256243851
2489,3566-CAAYU,0,0.06946975657490276
813,1187-WILMM,0,0.026290013159774986
6750,9581-GVBXT,0,0.06786919876462498
6120,8668-KNZTI,0,0.12821726437454256
5281,7450-NWRTR,1,0.6707683124921325
5391,7602-DBTOU,0,0.01317889721480401
2164,3096-WPXBT,0,0.17529924698031127
6790,9637-EIHEQ,0,0.47278586618058555
4357,6141-OOXUQ,0,0.2839294716618024
1714,2498-XLDZR,0,0.02407071179013184
384,0567-XRHCU,0,0.040235461694172935
2709,3858-VOBET,1,0.5538658804847515
1071,1563-IWQEX,0,0.11345970288128387
6049,8570-KLJYJ,0,0.07206798810590458
4324,6100-QQHEB,1,0.570332998747627
48,0082-LDZUE,1,0.5093100554208608
5460,7683-CBDKJ,0,0.13614719035948966
5232,7363-QTBIW,1,0.6495072569529101
118,0206-TBWLC,0,0.15800116718287716
4692,6617-WLBQC,0,0.16974816783235636
133,0224-RLWWD,1,0.6352577377247504
3173,4549-ZDQYY,0,0.06674047833114682
2970,4238-JSSWH,0,0.42473721997774666
17,0021-IKXGC,1,0.8010688892855689
2665,3786-WOVKF,0,0.23068017086884107
1881,2725-TTRIQ,0,0.021797226906909682
3160,4531-AUZNK,0,0.1968553026357198
5955,8397-MVTAZ,1,0.5215335384256098
1483,2190-BCXEC,0,0.3653754957793715
5997,8461-EFQYM,0,0.041219136725150964
450,0661-WCQNQ,0,0.05681669314846551
3301,4707-MAXGU,0,0.013778159116086002
326,0485-ZBSLN,0,0.022858510303433027
1454,2146-EGVDT,0,0.01128899340014464
4255,5995-WWKKG,0,0.0517245094253298
2080,2987-BJXIK,0,0.039565028141680995
4494,6340-DACFT,0,0.009358196682907119
1725,2516-VQRRV,1,0.6960150019365599
2764,3934-HXCFZ,0,0.4675935444806303
1241,1839-UMACK,0,0.1548103459448712
5628,7929-DMBCV,0,0.3929218320493264
1622,2361-UPSND,0,0.09679095780429224
6276,8879-ZKJOF,0,0.10304739774427857
1825,2662-NNTDK,0,0.04991367402821806
1944,2821-WARNZ,0,0.036818149325250495
1629,2371-JQHZZ,1,0.5509007666387014
3963,5575-TPIZQ,0,0.29597300981459707
6266,8869-LIHMK,0,0.0780305684724608
4103,5802-ADBRC,0,0.1773137395126506
5168,7270-BDIOA,0,0.4690471835094266
1841,2675-IJRGJ,0,0.03382421445047504
1383,2045-BMBTJ,0,0.22523541560164734
2713,3863-QSTYI,0,0.1580742598751246
2532,3627-FCRDW,1,0.54854492616006
5535,7795-CFOCW,0,0.05569328402968094
6956,9867-JCZSP,0,0.03198121795651166
5370,7580-UGXNC,0,0.4401280133389923
5568,7845-URHJN,0,0.09681467519794813
791,1154-HYWWO,0,0.1046867460136952
6033,8544-JNBOX,0,0.01970330268512889
67,0112-QWPNC,0,0.10485507981423557
699,1031-IIDEO,1,0.76380296404988
5335,7537-CBQUZ,0,0.28820048752095695
3917,5515-AKOAJ,0,0.3762367756975112
2107,3023-GFLBR,0,0.40704831732820357
5748,8086-OVPWV,1,0.7382644455610782
5108,7180-PISOG,1,0.7671689756117958
3058,4376-KFVRS,0,0.044606694881902144
2179,3120-FAZKD,0,0.01941805754189956
4338,6121-VZNQB,0,0.2897055491401311
3632,5144-PQCDZ,0,0.17562100106567965
4652,6563-VRERX,0,0.01607728288139479
4084,5766-ZJYBB,0,0.27338477078048645
1854,2691-NZETQ,1,0.6779142075451179
6255,8851-RAGOV,0,0.1160354535913179
3122,4480-MBMLB,0,0.2757478351280319
5126,7216-EWTRS,1,0.7594662721291234
3266,4670-TABXH,0,0.12243801311515201
487,0709-TVGUR,1,0.6881356545963985
143,0236-HFWSV,1,0.6315402899100395
4725,6653-CBBOM,1,0.7615172497641658
5545,7811-JIVPF,0,0.21190187797448679
4851,6838-YAUVY,0,0.2009131604310433
4954,6976-BWGLQ,0,0.009210262653402045
748,1093-YSWCA,0,0.033580650243418476
5466,7693-LCKZL,1,0.6782461925949748
2145,3078-ZKNTS,0,0.04343654563542772
6405,9068-VPWQQ,0,0.029929721427212695
6510,9236-NDUCW,0,0.03405817173924921
1515,2226-ICFDO,0,0.020528636374997914
6265,8868-WOZGU,0,0.4877224033088744
2601,3716-BDVDB,1,0.7427730050951327
4798,6741-QRLUP,0,0.037797039882651
6981,9909-DFRJA,0,0.24996448974877533
6622,9411-TPQQV,0,0.11436712673334933
5061,7114-AEOZE,0,0.020476170786780202
6437,9114-AAFQH,0,0.11869885988052868
2545,3642-BYHDO,0,0.013006092377397813
4144,5857-XRECV,0,0.13838994565657153
2625,3733-ZEECP,0,0.14959618492037932
6910,9805-FILKB,0,0.017642530179623653
6346,8985-OOPOS,0,0.28033133973130037
3557,5043-TRZWM,1,0.7196389131295957
3996,5639-NTUPK,0,0.18443408146614415
448,0661-KBKPA,0,0.10816256898938574
397,0585-EGDDA,0,0.49969325552124255
1838,2674-MIAHT,1,0.6214107732191174
3391,4821-SJHJV,0,0.3938298332510734
6712,9531-NSBMR,0,0.03068247153559696
5969,8410-BGQXN,0,0.15128596008027892
1902,2770-NSVDG,0,0.23033769739753177
2663,3785-KTYSH,0,0.017232402662492378
980,1422-DGUBX,0,0.3302940154217861
4433,6250-CGGUN,0,0.19957918367803976
1713,2495-TTHBQ,0,0.08582322973409312
6778,9624-EGDEQ,0,0.018506467681713573
5416,7629-WFGLW,0,0.1829897293269579
921,1337-BOZWO,0,0.1182108722639903
3159,4530-NDRKU,0,0.053361866057810944
6950,9860-LISIZ,0,0.08951250643128505
2403,3440-JPSCL,1,0.5830116488419201
1840,2675-DHUTR,0,0.39581819956486064
5683,8008-HAWED,0,0.347208347018457
1199,1766-GKNMI,1,0.5607505371432437
6791,9638-JIQYA,0,0.44306053501009884
2987,4282-ACRXS,0,0.2738616982405212
2849,4065-JJAVA,0,0.44960009217706665
5160,7253-UVNDW,0,0.049316790817540264
6953,9863-JZAIC,0,0.1902433731873342
1074,1565-RHDJD,1,0.6126230134651919
3449,4890-VMUAV,0,0.10668284893667815
5641,7952-OBOYL,1,0.6251191199695623
2470,3536-IQCTX,0,0.49886957214509087
1812,2642-MAWLJ,0,0.01373054000438998
2909,4139-SUGLD,0,0.09044108582245762
6221,8799-OXZMD,0,0.23376202522669146
3628,5140-FOMCQ,0,0.17575223349151467
4231,5968-XQIVE,0,0.25584629532189873
2615,3724-BSCVH,0,0.02584368193332827
6417,9089-UOWJG,0,0.21076490887178903
3086,4423-YLHDV,0,0.3923467343767484
6753,9586-JGQKH,0,0.1244310360741682
3651,5160-UXJED,0,0.11908419798154561
683,1010-DIAUQ,1,0.5593223928593427
3310,4716-HHKQH,0,0.410556716499556
5265,7421-ZLUPA,0,0.29560747704573354
6455,9137-NOQKA,0,0.4559453894354755
2843,4057-FKCZK,0,0.18336112238865837
4774,6719-OXYBR,1,0.5369571247698908
6628,9418-RUKPH,0,0.014170843678460719
1041,1508-DFXCU,1,0.6434539286501766
6583,9360-AHGNL,0,0.22536189840728596
3968,5590-BYNII,0,0.4978440791598528
7015,9953-ZMKSM,0,0.016802985995425415
5765,8107-RZLNV,0,0.18779320466570337
393,0581-BXBUB,1,0.6160860417786146
3459,4903-UYAVB,0,0.13160767726592207
2471,3537-HPKQT,0,0.36101218200267465
963,1396-QWFBJ,0,0.44348927041055114
510,0743-HRVFF,0,0.17868746079328976
4178,5906-DVAPM,0,0.07163355694266162
4526,6376-GAHQE,1,0.653581501412167
1982,2867-UIMSS,1,0.7098215313766114
62,0106-UGRDO,0,0.060708074026319565
2988,4282-MSACW,0,0.22086717326084518
643,0942-KOWSM,0,0.04167489493718754
3282,4690-LLKUA,0,0.3271401588578566
4749,6689-TCZHQ,1,0.6747744854357342
6470,9158-VCTQB,0,0.29460096577048694
5128,7217-JYHOQ,0,0.12557030205595457
3395,4822-RVYBB,1,0.6856966165220012
6000,8466-PZBLH,0,0.10109348976041095
2201,3154-HMWUU,0,0.02134116180723529
4865,6857-TKDJV,0,0.008108255662832098
4467,6298-QDFNH,1,0.5612273132998087
3709,5219-YIPTK,0,0.47883339925868573
4802,6749-UTDVX,0,0.2502582104868334
3796,5338-YHWYT,0,0.03318830634562493
201,0318-QUUOB,1,0.7599738496306528
608,0895-DQHEW,0,0.41146519118928504
1424,2097-YVPKN,0,0.015931264669585082
5586,7868-BGSZA,0,0.13467659540578125
4061,5726-CVNYA,0,0.03478763128116648
1653,2402-TAIRZ,0,0.24884078369335513
1681,2452-MRMZF,0,0.032117475224764144
3017,4317-VTEOA,1,0.5092528103067583
6500,9221-OTIVJ,1,0.6279104418173673
6595,9372-TXXPS,0,0.0233267650932653
3956,5569-IDSEY,0,0.22721126977766593
5914,8327-WKMIE,0,0.02602828997322445
672,0980-PVMRC,0,0.22881049921592841
5342,7548-SEPYI,1,0.6818519356051266
2418,3460-TJBWI,0,0.009614473541491737
6038,8559-CIZFV,0,0.10185423305312556
2042,2937-FTHUR,0,0.17900005497381347
5762,8104-OSKWT,1,0.5101817271450872
3988,5624-BQSSA,0,0.2812112770994679
732,1080-BWSYE,0,0.02367891034835961
5434,7647-GYYKX,0,0.015034664225266968
1620,2360-RDGRO,0,0.35011474760424544
5453,7672-VFMXZ,0,0.13671242171719108
5031,7074-IEVOJ,1,0.7352280440902704
6615,9399-APLBT,1,0.7192183490917756
663,0970-ETWGE,1,0.758233943549426
4042,5697-GOMBF,0,0.2734916920118094
5209,7326-RIGQZ,1,0.6118896999190178
592,0870-VEMYL,0,0.3047514386920616
1105,1614-JBEBI,0,0.1219830765096267
2736,3892-NXAZG,0,0.044606694881902144
579,0851-DFJKB,0,0.22598150719706286
5410,7622-FWGEW,0,0.07320581228899853
1140,1679-JRFBR,0,0.17698173815088264
2077,2984-TBYKU,0,0.04837893081833713
5807,8174-TBVCF,0,0.048225184190093716
4746,6686-YPGHK,0,0.40354194307116636
1955,2832-SCUCO,0,0.29777584489234343
6314,8938-UMKPI,0,0.4364086435788114
2795,3976-NLDEZ,0,0.2666407849101309
4923,6924-TDGMT,0,0.034520677100866065
2512,3589-PPVKW,0,0.31282946341340984
729,1075-BGWOH,1,0.6345741133422926
6916,9819-FBNSV,0,0.47219617348956516
5080,7137-NAXML,0,0.02950314791506751
2832,4024-CSNBY,0,0.08523003598423634
2758,3926-YZVVX,0,0.09027479312945594
2784,3961-SXAXY,1,0.505530277304251
3272,4676-MQUEA,0,0.17017949805548713
4564,6435-SRWBJ,1,0.6761147646065521
853,1237-WIYYZ,0,0.10566214058454952
3859,5433-KYGHE,0,0.4661751135986799
84,0135-NMXAP,1,0.5735272953437741
3482,4931-TRZWN,0,0.30574068235241486
150,0248-PGHBZ,0,0.10239577987231359
2435,3487-EARAT,0,0.10623654071798573
6210,8780-IXSTS,1,0.6586019137592057
3442,4881-GQJTW,0,0.08030495341105015
2273,3249-ZPQRG,1,0.6036528096884697
6155,8718-PTMEZ,0,0.31603447231407583
3259,4659-NZRUF,0,0.48891658973050356
3155,4526-EXKKN,0,0.01804543678835311
6342,8981-FJGLA,1,0.5428338335115884
4064,5730-DBDSI,0,0.024019849016588716
6917,9820-RMCQV,0,0.20304087061887363
3536,5016-IBERQ,0,0.4817948238598115
4933,6946-LMSQS,0,0.317857819883694
5264,7416-CKTEP,0,0.018964269666054117
1172,1725-MIMXW,0,0.238216601803868
2880,4106-HADHQ,0,0.10370646376084347
3579,5071-FBJFS,0,0.3484591547665504
5243,7394-FKDNK,1,0.5949827325669849
6051,8573-CGOCC,0,0.08025685488863378
5454,7673-BQGKU,0,0.011111132682688953
6408,9073-ZZIAY,0,0.046289593910000475
1040,1506-YJTYT,0,0.04462388273488821
5204,7321-PKUYW,1,0.5039743952681587
1329,1977-STDKI,1,0.7411903489427997
107,0191-EQUUH,0,0.03681759917581091
400,0595-ITUDF,0,0.27818695194756105
6724,9548-LIGTA,0,0.029747835776442456
2011,2900-PHPLN,0,0.019087080756951962
743,1090-ESELR,0,0.0536342438643969
3933,5537-UXXVS,0,0.08615901670674145
2199,3148-BLQJT,0,0.27979008035135844
6336,8972-HJWNV,1,0.7216314390751866
2444,3503-TYDAY,0,0.47166846638391624
1578,2300-RQGOI,0,0.018581094547385213
2638,3750-YHRYO,0,0.02584368193332827
1348,2004-OCQXK,1,0.751259259287179
5096,7159-NOKYQ,0,0.21408769344765882
951,1379-FRVEB,1,0.605718465348645
2071,2982-IHMFT,1,0.7293619477642932
6717,9541-PWTWO,0,0.07145174984237315
3060,4378-BZYFP,0,0.028577185491161967
4734,6668-CNMFP,0,0.24981129110555098
5949,8388-DMKAE,0,0.036635400454150015
3303,4709-LKHYG,0,0.043944946732384256
3133,4495-LHSSK,0,0.14440086036039693
6789,9637-CDTKZ,0,0.04705497756502436
5766,8108-UXRQN,0,0.23608052430091747
1031,1492-KGETH,0,0.108037787329915
2526,3617-XLSGQ,0,0.09193220205956555
375,0559-CKHUS,0,0.02640153096544563
1522,2233-FAGXV,0,0.15389622891063812
3817,5366-OBVMR,0,0.16884358192804194
530,0780-XNZFN,0,0.01653168137737275
2672,3796-ENZGF,0,0.025644636546946598
1313,1952-DVVSW,0,0.042555460393564684
4191,5919-TMRGD,1,0.7777506785065316
2410,3452-ABWRL,0,0.47921207328365406
4629,6522-YRBXD,0,0.41547611096379206
1611,2346-LOCWC,0,0.007769976582772001
2268,3244-CQPHU,0,0.11818447731626902
4797,6741-EGCBI,0,0.40079714273907735
2543,3640-JQGJG,0,0.17918167894519596
3509,4973-RLZVI,0,0.11076690583124905
2631,3744-ZBHON,0,0.26605928924489225
3016,4316-XCSLJ,0,0.14326156108793278
1076,1568-BEKZM,0,0.06076063748908629
6494,9208-OLGAQ,1,0.5739054985332527
5420,7633-MVPUY,0,0.041065028829309486
4189,5917-RYRMG,0,0.03971117540729335
3083,4419-UJMUS,0,0.1754120784790744
1531,2239-CFOUJ,0,0.14957055256216414
1119,1635-HDGFT,0,0.01803018727501781
1028,1485-YDHMM,0,0.25220458090783193
5552,7817-BOQPW,1,0.7484315435893091
6209,8780-IHCRN,0,0.011779112102886331
6605,9389-ACWBI,1,0.5282900003561661
928,1346-UFHAX,0,0.4500341054439274
831,1215-EXRMO,0,0.010208563494851308
3504,4959-JOSRX,0,0.4530669813165028
247,0376-OIWME,0,0.43592443477483706
2985,4277-UDIEF,0,0.12922936603604523
1829,2668-TZSPS,0,0.26851211014385135
2740,3898-BSJYF,0,0.1578403913859162
6187,8752-GHJFU,0,0.18674074204879004
2380,3407-QGWLG,0,0.1697242354932013
1102,1602-IJQQE,1,0.6464142095177786
6077,8614-VGMMV,0,0.2747722574878346
31,0048-PIHNL,0,0.036435434041669934
1261,1866-NXPSP,0,0.10965592940319895
6127,8677-HDZEE,0,0.2896731382825278
3584,5076-YVXCM,0,0.41236674110093297
5856,8229-TNIQA,0,0.40292779445120014
1777,2599-CIPQE,0,0.07191261187324335
3499,4957-SREEC,0,0.00688328086701526
4637,6543-JXSOO,0,0.06691443164438837
2951,4208-UFFGW,0,0.4914859922742818
3265,4667-QONEA,0,0.0893468586459722
2667,3791-LGQCY,0,0.35520385447709474
78,0128-MKWSG,0,0.11884709479943298
5035,7078-NVFAM,0,0.13588731021226605
1635,2378-VTKDH,0,0.3999557320656924
5257,7407-SUJIZ,0,0.0768559425478518
2189,3137-LUPIX,0,0.3644189973708547
5950,8388-FYNPZ,0,0.37351760580569904
4811,6769-DYBQN,0,0.3971825754482395
6904,9800-OUIGR,0,0.006316635543337791
261,0388-EOPEX,1,0.5415310220451406
4647,6557-BZXLQ,1,0.5478509309028715
4350,6133-OZILE,0,0.23212962184282482
6734,9565-AXSMR,0,0.012412951681212349
2172,3104-OWCGK,0,0.2145559659634846
6124,8672-OAUPW,0,0.07971685426782517
709,1045-LTCYT,0,0.08287542774163653
1277,1897-RCFUM,0,0.024615400619224643
6691,9505-SQFSW,0,0.36661034409306176
2381,3410-MHHUM,0,0.27694009900309097
4911,6910-HADCM,1,0.7201111693515461
432,0634-SZPQA,0,0.3752253683792397
72,0117-LFRMW,0,0.11314164109665623
2457,3520-FJGCV,0,0.044606694881902144
4787,6732-FZUGP,0,0.17652121318086242
5134,7228-PAQPD,0,0.16086881027368352
241,0369-ZGOVK,0,0.33363996324010736
4392,6195-MELTI,0,0.11948578602151148
5972,8414-MYSHR,1,0.7115566006177239
4248,5989-OMNJE,0,0.19823283402283148
4617,6508-NJYRO,0,0.05236352190959667
6466,9150-KPBJQ,0,0.06902268225877181
4569,6439-LAJXL,0,0.2044494241089558
1303,1934-SJVJK,0,0.27592453413287105
1300,1930-WNXSB,0,0.36928529425832474
4481,6323-AYBRX,0,0.02040448059667673
5501,7746-AWNQW,0,0.18812254181319507
3611,5125-CNDSP,0,0.06541029028170117
5355,7563-BIUPC,1,0.7069750729326113
6093,8630-QSGXK,0,0.06520624159371388
6042,8563-IIOXK,0,0.11753922749742196
277,0409-WTMPL,0,0.18615428064640707
1250,1849-RJYIG,0,0.25003925217341744
1392,2057-ZBLPD,1,0.5624758088213222
1998,2884-GBPFB,1,0.5399824863412246
1663,2424-WVHPL,1,0.611790090463241
3095,4439-JMPMT,1,0.6592111523387797
1972,2856-HYAPG,1,0.6922872728606749
2841,4054-CUMIA,0,0.07657541312624458
964,1397-XKKWR,0,0.12490295677109461
2760,3930-ZGWVE,0,0.2839294716618024
2279,3258-SANFR,0,0.36134633374204145
4078,5760-FXFVO,1,0.539565115426793
6328,8963-JLGJT,0,0.37526878436511313
3930,5533-RJFTJ,0,0.22971138581626355
5409,7621-VPNET,0,0.32964432236718944
5902,8311-UEUAB,0,0.16041212962086854
4242,5982-PSMKW,0,0.04940550196799221
5621,7921-LMDFQ,0,0.28507986515945904
2169,3097-NQYSN,1,0.691785955040763
2544,3640-PHQXK,1,0.5023277864446785
4630,6527-PZFPV,0,0.018286617020901622
1291,1925-GMVBW,0,0.15226533325371525
734,1084-UQCHV,1,0.6236265651284109
5210,7328-OWMOM,0,0.03193461366911968
636,0930-EHUZA,0,0.09605301641272955
2452,3511-BFTJW,0,0.029086771192678485
3857,5424-RLQLC,0,0.2636462948155551
1475,2181-TIDSV,0,0.013423790704606055
6557,9314-IJWSQ,1,0.6250391975661396
2286,3262-EIDHV,0,0.020109209097058
691,1023-BQXZE,0,0.048549106956831636
2333,3339-EAQNV,0,0.23935759814958096
103,0186-CAERR,0,0.24519875747042982
2266,3239-TPHPZ,0,0.07286229343711506
2307,3307-TLCUD,0,0.15905644370245142
555,0818-OCPZO,1,0.5589254819567927
6054,8580-AECUZ,1,0.802270250954713
6168,8735-NBLWT,0,0.06596296953445027
3146,4514-GFCFI,1,0.6586285979702918
4815,6772-KSATR,1,0.6171336592537954
1697,2474-LCNUE,0,0.17067216724933393
5583,7860-KSUGX,0,0.038317375197981486
1887,2739-CACDQ,1,0.5318182145355287
6169,8735-SDUFN,0,0.0353131675331665
6128,8679-JOEVF,0,0.2889582823974358
1967,2845-KDHVX,0,0.036537432869138395
4626,6519-ZHPXP,0,0.07828566659117667
3084,4422-QVIJA,0,0.16426961237618293
4441,6259-WJQLC,0,0.442176988486507
1165,1710-RCXUS,0,0.24268447657851058
3865,5442-BXVND,0,0.06489254511394825
6849,9732-EQMWY,0,0.38669813295936256
710,1047-NNCBF,0,0.4216697366467843
2384,3413-BMNZE,1,0.5182979377751665
6121,8670-ERCJH,0,0.0817938077976608
373,0556-FJEGU,0,0.03487196654142699
5486,7721-JXEAW,0,0.19427238046932543
1548,2259-OUUSZ,0,0.1903338495594874
783,1139-WUOAH,0,0.03549257031750615
5977,8429-XIBUM,0,0.3978580674423929
5090,7153-CHRBV,0,0.05390319827704968
5318,7511-YMXVQ,0,0.40226474295512477
2798,3981-QSVQI,0,0.11323465507908902
3425,4853-RULSV,0,0.11281706359350896
3487,4939-KYYPY,0,0.1625664770515192
2085,2990-IAJSV,0,0.011849222877511058
2188,3134-DSHVC,0,0.09206726533513106
7032,9975-GPKZU,0,0.010824117631300312
6447,9128-CPXKI,0,0.2213064305178094
4134,5846-ABOBJ,0,0.01124200176176257
2009,2898-LSJGD,0,0.20071385401564765
3059,4377-VDHYI,0,0.24445057241991042
4319,6092-QZVPP,0,0.10841868880180412
1984,2868-MZAGQ,1,0.7731588632085973
6761,9600-UDOPK,0,0.41459665212367874
1738,2530-ENDWQ,0,0.14306606086992332
2065,2971-SGAFL,0,0.28930476697379004
3556,5039-LZRQT,0,0.043168919791376464
6371,9027-YFHQJ,0,0.15869747760588435
5028,7067-KSAZT,0,0.276938521047466
3098,4443-EMBNA,0,0.012084912067701015
5224,7353-YOWFP,0,0.05800240506192442
2561,3662-FXJFO,0,0.02091834286529762
6403,9067-YGSCA,0,0.08796437466462854
6003,8468-FZTOE,0,0.04368369206444924
6284,8887-IPQNC,0,0.27956298924404693
6694,9507-HSMMZ,0,0.015566060459163906
6955,9866-QEVEE,0,0.4789333234775657
2413,3452-SRFEG,0,0.4355816880519627
4771,6715-OFDBP,0,0.3902745320228259
2350,3370-GQEAL,0,0.4851945564388892
181,0295-QVKPB,0,0.3294640158519277
5089,7148-XZPHA,0,0.31160891699631793
6475,9170-ARBTB,0,0.02514261826790144
4129,5840-NVDCG,0,0.03904406101044347
372,0550-DCXLH,0,0.20583194422237852
4034,5688-KZTSN,0,0.08934944866950163
119,0207-MDKNV,0,0.45174996904698944
4306,6072-NUQCB,0,0.021449144601483082
41,0068-FIGTF,0,0.1000838476230066
2076,2984-RGEYA,0,0.020151904163217004
544,0804-XBFBV,0,0.25467022442264947
6652,9465-RWMXL,1,0.5478410956543867
756,1099-BTKWT,0,0.1843161895944686
4004,5649-RXQTV,0,0.4231077993059423
4616,6507-ZJSUR,1,0.5436332470432808
2894,4123-DVHPH,1,0.5553796669045703
4760,6701-DHKWQ,0,0.033244030169429395
6227,8807-ARQET,0,0.23358081671070038
3079,4412-YLTKF,1,0.570376360010464
3722,5233-GEEAX,0,0.41911582136647824
1152,1697-LYYYX,0,0.024396482956945673
786,1142-WACZW,0,0.3534225693715403
5845,8220-OCUFY,0,0.1071099362245834
5687,8015-IHCGW,0,0.08457764584519134
3353,4782-OSFXZ,0,0.0411953323872358
1204,1769-GRUIK,1,0.5446703676780298
6922,9822-WMWVG,0,0.36207034409355765
6351,8992-JQYUN,1,0.5672673381846568
5467,7693-QPEFS,0,0.4249597728513532
1569,2277-VWCNI,0,0.3990804913391436
3014,4312-KFRXN,0,0.0075202928245896436
5412,7623-HKYRK,0,0.0856978603212207
676,0991-BRRFB,0,0.20674647104124433
2746,3908-BLSYF,1,0.6395890813395798
648,0947-IDHRQ,1,0.5384274065093309
4671,6586-PSJOX,0,0.13950661356640304
3435,4872-JCVCA,0,0.030107424209926747
131,0224-HJAPT,0,0.4164002858041594
2777,3951-NJCVI,1,0.5193353482131247
4641,6549-NNDYT,0,0.23492274409864702
3450,4891-NLUBA,0,0.03459345566647853
615,0899-WZRSD,0,0.27348073536150896
4873,6865-JZNKO,0,0.14105420023584295
1328,1976-CFOCS,1,0.5330139842482616
4155,5876-HZVZM,0,0.20537150854257827
2422,3466-WAESX,0,0.18599569470247787
685,1015-JPFYW,0,0.02673541708870004
6100,8639-NHQEI,0,0.09163538039984974
2031,2927-QRRQV,0,0.2819073211653846
1807,2637-FKFSY,0,0.4437067887407282
7005,9938-ZREHM,0,0.12984134446886092
1983,2868-LLSKM,0,0.15448933722091457
545,0804-YGEQV,0,0.0290545981445872
1079,1571-SAVHK,1,0.555448427852838
22,0027-KWYKW,1,0.5633446300800841
3634,5146-CBVOE,0,0.4617580059799391
4723,6651-RLGGM,0,0.008973756846982383
3114,4465-VDKIQ,0,0.4784336917362044
4493,6339-YPSAH,1,0.5781988222154826
589,0867-MKZVY,0,0.45316133569391676
6918,9821-BESNZ,0,0.31711228154264004
4560,6427-FEFIG,0,0.05372993249848073
3121,4476-OSWTN,0,0.20145012341767363
3613,5127-BZENZ,0,0.07127633604842437
7029,9972-NKTFD,0,0.15324523386980043
6260,8859-DZTGQ,0,0.015119731997749783
2888,4115-UMJFQ,0,0.15070075095883548
4329,6108-OQZDQ,1,0.6756400285813801
2217,3173-WSSUE,0,0.008393074133582324
7036,9985-MWVIX,1,0.6501081596978899
4639,6546-OPBBH,0,0.025135410797135157
1067,1555-HAPSU,0,0.010109386432759583
1724,2514-GINMM,1,0.7807518548636704
3101,4446-BZKHU,0,0.39039432329744356
3852,5419-CONWX,1,0.5814473946514724
6769,9611-CTWIH,1,0.7156448942313806
1493,2202-CUYXZ,1,0.7424145968303394
3698,5204-QZXPU,0,0.29093796943002215
2607,3717-OFRTN,0,0.2826471211362074
5629,7929-SKFGK,0,0.07449119794960309
3343,4763-PGDPO,1,0.6283073453558837
4365,6158-HDPXZ,0,0.4077719101715443
5931,8356-WUAOJ,1,0.5160588036383891
4162,5884-GCYMI,1,0.6106569813361671
6461,9142-KZXOP,0,0.3400369113739299
687,1016-DJTSV,1,0.6370919730996225
6914,9817-APLHW,0,0.1619781490617891
6485,9185-TQCVP,1,0.6617692603898233
2633,3745-HRPHI,0,0.043437122424005714
2697,3836-FZSDJ,0,0.01823544507073711
2539,3638-DIMPH,0,0.1481059738403179
5593,7876-AEHIG,0,0.07142997581426208
635,0929-PECLO,0,0.3663951788365906
7011,9945-PSVIP,0,0.04119938695002059
5399,7609-NRNCA,0,0.04235177896050532
4409,6215-NQCPY,1,0.5909382762004526
1200,1767-CJKBA,0,0.016227801466121877
1781,2604-XVDAM,0,0.2623127135220117
3792,5334-AFQJB,0,0.025576687945918154
6013,8495-PRWFH,0,0.23862634508380856
192,0308-GIQJT,0,0.2688326235892437
3802,5348-CAGXB,1,0.6335067268005713
3664,5174-ITUMV,0,0.3285263169057627
961,1395-OFUWC,0,0.15586771966006888
3097,4441-NIHPT,1,0.6422046738351825
4996,7021-XSNYE,0,0.06875827709650667
2292,3276-HDUEG,1,0.6972072769855018
4823,6784-XYJAE,0,0.12094812471627352
770,1121-QSIVB,0,0.18015805588966521
644,0943-ZQPXH,0,0.37721084411868344
5799,8165-ZJRNM,0,0.007880296239073058
3061,4378-MYPGO,0,0.07401897208857865
601,0880-FVFWF,0,0.3294987905119848
836,1217-VASWC,0,0.27297317278146027
4083,5766-XQXMQ,0,0.13773317486088213
528,0774-RMNUW,0,0.023421284624992485
3920,5519-NPHVG,1,0.6517396722907027
2257,3224-DFQNQ,0,0.1662895837978172
1189,1752-OZXFY,0,0.062022136057362266
2569,3672-YITQD,1,0.589137184135914
5564,7839-NUIAA,0,0.14911233381715538
5619,7919-ZODZZ,0,0.17266497814671972
3409,4830-FAXFM,0,0.09175087001378929
1507,2211-RMNHO,0,0.020129297593459695
2346,3359-DSRKA,0,0.013941169987421903
3237,4634-JLRJT,0,0.2933196502058449
4983,7009-PCARS,0,0.02487755411969913
3445,4883-QICIH,0,0.4162475582487521
6818,9681-OXGVC,1,0.7010943358846928
620,0909-SDHNU,0,0.19451544677535254
1933,2809-ILCYT,0,0.05088521997846094
4985,7010-ZMVBF,0,0.06481651077470352
6653,9467-ROOLM,0,0.09418448587689729
6899,9796-MVYXX,0,0.11899925370940644
40,0067-DKWBL,1,0.5900820039987233
6427,9101-NTIXF,0,0.187827709423074
3044,4360-PNRQB,0,0.47480357426287506
4623,6518-LGAOV,0,0.4415012512475643
4332,6114-TCFID,0,0.07037241778193858
6604,9388-ZEYVT,0,0.11687959626982143
2820,4011-ARPHK,0,0.13645826822390686
3629,5141-ZUVBH,0,0.46212224129233476
2585,3696-DFHHB,0,0.01915105311944355
6964,9881-VCZEP,0,0.17647694399599584
2567,3669-WHAFY,0,0.04810234659130597
2808,3996-ZNWYK,0,0.03736222239893429
3313,4718-DHSMV,0,0.3488948315847756
973,1406-PUQVY,0,0.4750535586338356
4110,5813-UECBU,0,0.4195032773034282
5312,7503-ZGUZJ,1,0.6969658133119877
6364,9018-PCIOK,0,0.05797801827583436
3372,4806-DXQCE,0,0.06694988994925119
1528,2235-ZGKPT,0,0.3059065663320672
1223,1813-JLKWR,0,0.030877915571691745
626,0921-OHLVP,0,0.4979381487564548
6238,8819-WFGGJ,0,0.06609622361676346
1675,2446-BEGGB,1,0.6666000940635928
2671,3795-GWTRD,0,0.0264480247152985
4420,6231-WFGFH,0,0.13017895360786627
5379,7594-RQHXR,1,0.7602377267491539
5638,7950-XWOVN,0,0.2642613549582334
5297,7480-SPLEF,0,0.03953921538467623
4904,6905-NIQIN,0,0.45899703824323784
2129,3058-WQDRE,0,0.27609063530254335
3773,5311-IHLEI,0,0.23235215585303823
4776,6723-WSNTY,0,0.17311959271086746
5158,7251-XFOIL,0,0.34732500712656666
2295,3280-MRDOF,0,0.07545916225356673
5152,7246-ZGQDF,0,0.41550056897418686
4664,6582-PLFUU,0,0.010955461409695378
126,0219-YTZUE,1,0.619118668752849
1948,2826-DXLQO,0,0.2876527048879939
610,0895-LNKRC,0,0.04125828922285637
262,0390-DCFDQ,1,0.7141812203623091
939,1357-MVDOZ,0,0.18931396494728056
6390,9054-FOWNV,1,0.5535190306577324
547,0810-BDHAW,0,0.11733859032732438
2288,3269-ATYWD,0,0.47723148349801986
4733,6664-FPDAC,0,0.260732839155089
1340,1996-DBMUS,0,0.4599909648223213
5835,8207-VVMYB,0,0.023104086269320444
5898,8295-KMENE,0,0.02940432497831692
1009,1455-UGQVH,1,0.6804890173225654
5495,7734-DBOAI,0,0.3522163522877602
5491,7729-XBTWX,0,0.015272919115949492
5481,7716-YTYHG,0,0.2859369382708631
163,0265-EDXBD,1,0.5711539883939025
3515,4983-CLMLV,0,0.26882791993943667
823,1205-WNWPJ,0,0.28707730121552205
4265,6005-OBZPH,1,0.5129279186648495
5580,7855-DIWPO,0,0.4666022265929313
1474,2180-DXNEG,1,0.6210530821106311
5627,7928-VJYAB,1,0.5543828968751403
1114,1626-ERCMM,1,0.5743150664743684
1852,2688-BHGOG,1,0.6788023964673104
755,1098-TDVUQ,0,0.29499438224184865
5,0013-MHZWF,0,0.2476825025282206
5689,8016-ZMGMO,0,0.11458520020561037
5767,8109-YUOHE,0,0.07647030326805741
2371,3398-FSHON,1,0.6557169840040099
1086,1580-BMCMR,1,0.5013070071252355
4130,5842-POCOP,0,0.4909674418226981
2246,3209-ZPKFI,0,0.16884850907871787
5021,7055-JCGNI,0,0.06601394575416918
2929,4183-WCSEP,0,0.43201936838175337
5679,8003-EWNDZ,0,0.1610213717266647
6830,9701-CDXHR,0,0.33983711770251707
1664,2428-HYUNX,0,0.016060280011988195
2241,3199-XGZCY,1,0.6503166339154043
4005,5649-TJHOV,0,0.26852755200414546
5712,8046-DNVTL,0,0.028460360705554643
4757,6695-FRVEC,0,0.025216390033254984
2782,3957-LXOLK,0,0.4826810816509428
3322,4730-AWNAU,0,0.07137535087551197
4972,6994-FGRHH,0,0.29034410387980164
4507,6352-TWCAU,1,0.54642759678414
6113,8654-DHAOW,0,0.42826211323716
3835,5386-THSLQ,0,0.19310355693336057
5623,7924-GJZFI,1,0.5600367801744089
1011,1459-QNFQT,0,0.019028067381145472
43,0074-HDKDG,0,0.06943995508425163
3361,4795-UXVCJ,0,0.02761000393337583
5603,7890-VYYWG,1,0.5328941728586907
3744,5275-PMFUT,0,0.018209898638304564
2203,3158-MOERK,1,0.7378511662934578
178,0289-IVARM,0,0.16448421204067964
3707,5215-LNLDJ,0,0.257832569775896
6585,9361-YNQWJ,0,0.027121770254400407
5858,8232-CTLKO,0,0.08516478025940831
6862,9747-DDZOS,1,0.6094742189376339
1042,1513-XNPPH,1,0.5050435328329577
1558,2272-JKMSI,0,0.24311291697079593
4252,5995-LFTLE,0,0.034632899823998115
5895,8292-TYSPY,0,0.18008053256412768
457,0670-KDOMA,0,0.2933196502058449
4737,6674-KVJHG,0,0.12487771404726136
1895,2753-JMMCV,0,0.05166486761484708
1969,2851-MMUTZ,0,0.1635314491748312
3289,4697-LUPSU,0,0.1122144750013156
5443,7663-RGWBC,1,0.5093100554208608
4765,6705-LXORM,1,0.6145211870175443
6864,9752-ZNQUT,1,0.5108259374361106
600,0877-SDMBN,0,0.20685152444657884
3946,5555-RNPGT,0,0.15768439621317187
3230,4628-CTTLA,0,0.22613545342823443
349,0516-QREYC,0,0.12361167161885303
3690,5198-HQAEN,0,0.2697196396764479
